create procedure raise_salary(in empid int)
begin
declare sal double;
select salary into sal from emp where id=empid;
if sal>=40000
then update emp set salary=salary+2000 where id=empid;
elseif sal>50000
then update emp set salary = salary+1500 where id=empid;
else update emp set salary = salary+3000 where id = empid;
end if;
end 
$

mysql> select * from emp;
+----+--------+------------+--------+
| id | name   | edate      | salary |
+----+--------+------------+--------+
|  1 | Jay    | 1997-02-25 |  25000 |
|  2 | Nik    | 1999-02-25 |  25000 |
|  3 | Vasant | 1997-05-12 |  45000 |
|  4 | Jayesh | 1998-06-24 |  46842 |
+----+--------+------------+--------+
4 rows in set (0.03 sec)

mysql> delimiter $
mysql> create procedure raise_salary(in empid int)
    -> begin
    -> declare sal double;
    -> select salary into sal from emp where id=empid;
    -> if sal>=40000
    -> then update emp set salary=salary+2000 where id=empid;
    -> elseif sal>50000
    -> then update emp set salary = salary+1500 where id=empid;
    -> else update emp set salary = salary+3000 where id = empid;
    -> end if;
    -> end
    -> $
Query OK, 0 rows affected (0.04 sec)

mysql> call raise_salary(1)$
Query OK, 1 row affected (0.03 sec)

mysql> select * from emp
    -> $
+----+--------+------------+--------+
| id | name   | edate      | salary |
+----+--------+------------+--------+
|  1 | Jay    | 1997-02-25 |  28000 |
|  2 | Nik    | 1999-02-25 |  25000 |
|  3 | Vasant | 1997-05-12 |  45000 |
|  4 | Jayesh | 1998-06-24 |  46842 |
+----+--------+------------+--------+
4 rows in set (0.00 sec)

create procedure test_while()
begin 
declare x int;
declare str varchar(100);
set x = 1;
set str='';
while x<=5 do
set str=concat(str,x,',');
set x=x+1;
end while;
select str;
end 
$

mysql> create procedure test_while()
    -> begin
    -> declare x int;
    -> declare str varchar(100);
    -> set x = 1;
    -> set str='';
    -> while x<=5 do
    -> set str=concat(str,x,',');
    -> set x=x+1;
    -> end while;
    -> select str;
    -> end
    -> $
Query OK, 0 rows affected (0.03 sec)

mysql> call test_while()$
+------------+
| str        |
+------------+
| 1,2,3,4,5, |
+------------+
1 row in set (0.03 sec)

Query OK, 0 rows affected (0.04 sec)

mysql> show procedure status where db='rigved_technology' $
+-------------------+--------------+-----------+----------------+---------------------+---------------------+---------------+---------+----------------------+----------------------+--------------------+
| Db                | Name         | Type      | Definer        | Modified            | Created             | Security_type | Comment | character_set_client | collation_connection | Database Collation |
+-------------------+--------------+-----------+----------------+---------------------+---------------------+---------------+---------+----------------------+----------------------+--------------------+
| rigved_technology | getData      | PROCEDURE | root@localhost | 2022-03-17 11:30:50 | 2022-03-17 11:30:50 | DEFINER       |         | cp850                | cp850_general_ci     | utf8mb4_0900_ai_ci |
| rigved_technology | getEmp       | PROCEDURE | root@localhost | 2022-03-17 11:25:49 | 2022-03-17 11:25:49 | DEFINER       |         | cp850                | cp850_general_ci     | utf8mb4_0900_ai_ci |
| rigved_technology | getSalary    | PROCEDURE | root@localhost | 2022-03-17 12:47:18 | 2022-03-17 12:47:18 | DEFINER       |         | cp850                | cp850_general_ci     | utf8mb4_0900_ai_ci |
| rigved_technology | getSum       | PROCEDURE | root@localhost | 2022-03-17 11:36:57 | 2022-03-17 11:36:57 | DEFINER       |         | cp850                | cp850_general_ci     | utf8mb4_0900_ai_ci |
| rigved_technology | multi        | PROCEDURE | root@localhost | 2022-03-17 12:03:44 | 2022-03-17 12:03:44 | DEFINER       |         | cp850                | cp850_general_ci     | utf8mb4_0900_ai_ci |
| rigved_technology | raise_salary | PROCEDURE | root@localhost | 2022-03-17 16:34:02 | 2022-03-17 16:34:02 | DEFINER       |         | cp850                | cp850_general_ci     | utf8mb4_0900_ai_ci |
| rigved_technology | salutation   | PROCEDURE | root@localhost | 2022-03-17 15:34:53 | 2022-03-17 15:34:53 | DEFINER       |         | cp850                | cp850_general_ci     | utf8mb4_0900_ai_ci |
| rigved_technology | SetCounter   | PROCEDURE | root@localhost | 2022-03-17 12:10:54 | 2022-03-17 12:10:54 | DEFINER       |         | cp850                | cp850_general_ci     | utf8mb4_0900_ai_ci |
| rigved_technology | sum1         | PROCEDURE | root@localhost | 2022-03-17 11:39:23 | 2022-03-17 11:39:23 | DEFINER       |         | cp850                | cp850_general_ci     | utf8mb4_0900_ai_ci |
| rigved_technology | test_while   | PROCEDURE | root@localhost | 2022-03-17 16:43:21 | 2022-03-17 16:43:21 | DEFINER       |         | cp850                | cp850_general_ci     | utf8mb4_0900_ai_ci |
+-------------------+--------------+-----------+----------------+---------------------+---------------------+---------------+---------+----------------------+----------------------+--------------------+
10 rows in set (0.04 sec)

create procedure repeat_until()
begin
declare x int;
set x=0;
repeat
set x=x+1;
select x;
until x>=5
end repeat;
end
$

mysql> create procedure repeat_until()
    -> begin
    -> declare x int;
    -> set x=0;
    -> repeat
    -> set x=x+1;
    -> select x;
    -> until x>=5
    -> end repeat;
    -> end
    -> $
Query OK, 0 rows affected (0.17 sec)

mysql> call repeat_until() $
+------+
| x    |
+------+
|    1 |
+------+
1 row in set (0.00 sec)

+------+
| x    |
+------+
|    2 |
+------+
1 row in set (0.01 sec)

+------+
| x    |
+------+
|    3 |
+------+
1 row in set (0.01 sec)

+------+
| x    |
+------+
|    4 |
+------+
1 row in set (0.02 sec)

+------+
| x    |
+------+
|    5 |
+------+
1 row in set (0.03 sec)

Query OK, 0 rows affected (0.04 sec)

create procedure loop_demo()
begin
declare x int default 0;
set x=5;
counter : loop
if x<=0 then leave counter;
end if;
set x=x-1;
if x=2 then iterate counter;
end if;
select x;
end loop;
end
$

mysql> create procedure loop_demo()
    -> begin
    -> declare x int default 0;
    -> set x=5;
    -> counter : loop
    -> if x<=0 then leave counter;
    -> end if;
    -> set x=x-1;
    -> if x=2 then iterate counter;
    -> end if;
    -> select x;
    -> end loop;
    -> end
    -> $
Query OK, 0 rows affected (0.71 sec)

mysql> call loop_demo() $
+------+
| x    |
+------+
|    4 |
+------+
1 row in set (0.00 sec)

+------+
| x    |
+------+
|    3 |
+------+
1 row in set (0.01 sec)

+------+
| x    |
+------+
|    1 |
+------+
1 row in set (0.02 sec)

+------+
| x    |
+------+
|    0 |
+------+
1 row in set (0.02 sec)

Query OK, 0 rows affected (0.04 sec)